id|version|name|description|type
||10 CANE RUM|10 CANE RUM|SPIRITS
||151-PROOF RUM|151-PROOF RUM|SPIRITS
||99 BANANAS|99 BANANAS|SPIRITS
||ABSINTH RED|ABSINTH RED|SPIRITS
||ABSINTHE|ABSINTHE|SPIRITS
||ABSOLUT BERRY AÇAÍ VODKA|ABSOLUT BERRY AÇAÍ VODKA|SPIRITS
||ABSOLUT CITRON|ABSOLUT CITRON|SPIRITS
||ABSOLUT KURRANT|ABSOLUT KURRANT|SPIRITS
||ABSOLUT MANDARIN|ABSOLUT MANDARIN|SPIRITS
||ABSOLUT NEW ORLEANS VODKA|ABSOLUT NEW ORLEANS VODKA|SPIRITS
||ABSOLUT PEACH|ABSOLUT PEACH|SPIRITS
||ABSOLUT PEARS|ABSOLUT PEARS|SPIRITS
||ABSOLUT PEPPAR|ABSOLUT PEPPAR|SPIRITS
||ABSOLUT RASPBERRY|ABSOLUT RASPBERRY|SPIRITS
||ABSOLUT RUBY RED|ABSOLUT RUBY RED|SPIRITS
||ABSOLUT VANILLA VODKA|ABSOLUT VANILLA VODKA|SPIRITS
||ABSOLUT VODKA|ABSOLUT VODKA|SPIRITS
||AGED RUM|AGED RUM|SPIRITS
||AKVAVIT|AKVAVIT|SPIRITS
||AMBER RUM|AMBER RUM|SPIRITS
||APEROL|APEROL|SPIRITS
||APPLE BRANDY|APPLE BRANDY|SPIRITS
||APPLE PUCKER|APPLE PUCKER|SPIRITS
||APPLE SCHNAPPS|APPLE SCHNAPPS|SPIRITS
||APPLE VODKA|APPLE VODKA|SPIRITS
||APRICOT BRANDY|APRICOT BRANDY|SPIRITS
||AQUAVIT|AQUAVIT|SPIRITS
||BACARDI 151|BACARDI 151|SPIRITS
||BACARDI APPLE|BACARDI APPLE|SPIRITS
||BACARDI GOLD|BACARDI GOLD|SPIRITS
||BACARDI LIMON|BACARDI LIMON|SPIRITS
||BACARDI O|BACARDI O|SPIRITS
||BACARDI RAZZ|BACARDI RAZZ|SPIRITS
||BACARDI SUPERIOR RUM|BACARDI SUPERIOR RUM|SPIRITS
||BACARDI VANILLA RUM|BACARDI VANILLA RUM|SPIRITS
||BAJA ROSA|BAJA ROSA|SPIRITS
||BATIDA DE COCO|BATIDA DE COCO|SPIRITS
||BEEFEATER|BEEFEATER|SPIRITS
||BELLS WHISKEY|BELLS WHISKEY|SPIRITS
||BERENTZEN BUSHEL & BARREL|BERENTZEN BUSHEL & BARREL|SPIRITS
||BERENTZEN ICEMINT|BERENTZEN ICEMINT|SPIRITS
||BLACK ABSINTHE|BLACK ABSINTHE|SPIRITS
||BLACK CHERRY VODKA|BLACK CHERRY VODKA|SPIRITS
||BLACK HAUS|BLACK HAUS|SPIRITS
||BLACK RUM|BLACK RUM|SPIRITS
||BLACK VODKA|BLACK VODKA|SPIRITS
||BLACKBERRY BRANDY|BLACKBERRY BRANDY|SPIRITS
||BLUE ALIZE|BLUE ALIZE|SPIRITS
||BLUE TABOO|BLUE TABOO|SPIRITS
||BLUEBERRY SCHNAPPS|BLUEBERRY SCHNAPPS|SPIRITS
||BLUEBERRY VODKA|BLUEBERRY VODKA|SPIRITS
||BOLS GENEVER|BOLS GENEVER|SPIRITS
||BOMBAY SAPPHIRE GIN|BOMBAY SAPPHIRE GIN|SPIRITS
||BOURBON|BOURBON|SPIRITS
||BRANDY|BRANDY|SPIRITS
||BRASILLA CACHACA|BRASILLA CACHACA|SPIRITS
||BUNDABERG 280 RUM|BUNDABERG 280 RUM|SPIRITS
||BURNETT'S FRUIT PUNCH VODKA|BURNETT'S FRUIT PUNCH VODKA|SPIRITS
||BUTTER RIPPLE SCHNAPPS|BUTTER RIPPLE SCHNAPPS|SPIRITS
||BUTTERSCOTCH SCHNAPPS|BUTTERSCOTCH SCHNAPPS|SPIRITS
||CABO WABO BLANCO TEQUILA|CABO WABO BLANCO TEQUILA|SPIRITS
||CACHACA|CACHACA|SPIRITS
||CALVADOS|CALVADOS|SPIRITS
||CAMPARI|CAMPARI|SPIRITS
||CANADIAN CLUB WHISKY|CANADIAN CLUB WHISKY|SPIRITS
||CANADIAN WHISKEY|CANADIAN WHISKEY|SPIRITS
||CAPTAIN MORGAN'S SPICED RUM|CAPTAIN MORGAN'S SPICED RUM|SPIRITS
||CAPTAIN MORGAN'S TATTOO|CAPTAIN MORGAN'S TATTOO|SPIRITS
||CARAMEL INFUSED VODKA|CARAMEL INFUSED VODKA|SPIRITS
||CARIBBEAN RUM|CARIBBEAN RUM|SPIRITS
||CARIEL VANILLA VODKA|CARIEL VANILLA VODKA|SPIRITS
||CAZADORES ANEJO TEQUILA|CAZADORES ANEJO TEQUILA|SPIRITS
||CHARTREUSE|CHARTREUSE|SPIRITS
||CHERRY BRANDY|CHERRY BRANDY|SPIRITS
||CHERRY VODKA|CHERRY VODKA|SPIRITS
||CHERRY WHISKEY|CHERRY WHISKEY|SPIRITS
||CHIVAS REGAL|CHIVAS REGAL|SPIRITS
||CHOCOLATE SCHNAPPS|CHOCOLATE SCHNAPPS|SPIRITS
||CINNAMON SCHNAPPS|CINNAMON SCHNAPPS|SPIRITS
||CINNAMON WHISKEY|CINNAMON WHISKEY|SPIRITS
||CITRON VODKA|CITRON VODKA|SPIRITS
||COCONUT RUM|COCONUT RUM|SPIRITS
||COGNAC|COGNAC|SPIRITS
||COURVOISIER BRANDY|COURVOISIER BRANDY|SPIRITS
||CROWN ROYAL|CROWN ROYAL|SPIRITS
||CROWN ROYAL BLACK|CROWN ROYAL BLACK|SPIRITS
||DAMSON GIN|DAMSON GIN|SPIRITS
||DARK RUM|DARK RUM|SPIRITS
||DE KUYPER PEACHTREE|DE KUYPER PEACHTREE|SPIRITS
||DEWAR'S SCOTCH WHISKY|DEWAR'S SCOTCH WHISKY|SPIRITS
||DOM BENEDICTINE|DOM BENEDICTINE|SPIRITS
||DRAMBUIE|DRAMBUIE|SPIRITS
||DRY GIN|DRY GIN|SPIRITS
||EVERCLEAR|EVERCLEAR|SPIRITS
||FINLANDIA VODKA|FINLANDIA VODKA|SPIRITS
||FLUFFED MARSHMALLOW VODKA|FLUFFED MARSHMALLOW VODKA|SPIRITS
||G'VINE|G'VINE|SPIRITS
||GALLIANO|GALLIANO|SPIRITS
||GENEVER GIN|GENEVER GIN|SPIRITS
||GIN|GIN|SPIRITS
||GOLD RUM|GOLD RUM|SPIRITS
||GOLDSCHLAGER|GOLDSCHLAGER|SPIRITS
||GOLDSTRIKE|GOLDSTRIKE|SPIRITS
||GORDON'S GIN|GORDON'S GIN|SPIRITS
||GOSLINGS BLACK SEAL RUM|GOSLINGS BLACK SEAL RUM|SPIRITS
||GRAIN ALCOHOL|GRAIN ALCOHOL|SPIRITS
||GRAPE PUCKER|GRAPE PUCKER|SPIRITS
||GRAPEFRUIT FLAVOURED VODKA|GRAPEFRUIT FLAVOURED VODKA|SPIRITS
||GRAPPA|GRAPPA|SPIRITS
||GREEN CHARTREUSE|GREEN CHARTREUSE|SPIRITS
||GREEN TEA INFUSED VODKA|GREEN TEA INFUSED VODKA|SPIRITS
||GREY GOOSE L'ORANGE VODKA|GREY GOOSE L'ORANGE VODKA|SPIRITS
||GREY GOOSE VODKA|GREY GOOSE VODKA|SPIRITS
||HAVANA CLUB 7 ANOS|HAVANA CLUB 7 ANOS|SPIRITS
||HAVANA CLUB RUM|HAVANA CLUB RUM|SPIRITS
||HENDRICKS GIN|HENDRICKS GIN|SPIRITS
||HENNESSY COGNAC|HENNESSY COGNAC|SPIRITS
||HENNESSY V.S|HENNESSY V.S|SPIRITS
||HERRADURA PLATA TEQUILA|HERRADURA PLATA TEQUILA|SPIRITS
||HOT DAMN|HOT DAMN|SPIRITS
||IRISH MIST|IRISH MIST|SPIRITS
||IRISH WHISKEY|IRISH WHISKEY|SPIRITS
||JACK DANIELS|JACK DANIELS|SPIRITS
||JAGERMEISTER|JAGERMEISTER|SPIRITS
||JAMAICAN RUM|JAMAICAN RUM|SPIRITS
||JAMESON WHISKEY|JAMESON WHISKEY|SPIRITS
||JIM BEAM|JIM BEAM|SPIRITS
||JOHNNIE WALKER BLACK LABEL|JOHNNIE WALKER BLACK LABEL|SPIRITS
||JOSE CUERVO|JOSE CUERVO|SPIRITS
||KAMMS & SONS|KAMMS & SONS|SPIRITS
||KETEL ONE CITROEN|KETEL ONE CITROEN|SPIRITS
||KETEL ONE VODKA|KETEL ONE VODKA|SPIRITS
||KING PETER VODKA|KING PETER VODKA|SPIRITS
||LA FE ABSINTHE|LA FE ABSINTHE|SPIRITS
||LEMON VODKA|LEMON VODKA|SPIRITS
||LIME VODKA|LIME VODKA|SPIRITS
||LONDON DRY GIN|LONDON DRY GIN|SPIRITS
||MAKER'S MARK BOURBON|MAKER'S MARK BOURBON|SPIRITS
||MALIBU MANGO RUM|MALIBU MANGO RUM|SPIRITS
||MALIBU PASSIONFRUIT RUM|MALIBU PASSIONFRUIT RUM|SPIRITS
||MALIBU RUM|MALIBU RUM|SPIRITS
||MANDARIN VODKA|MANDARIN VODKA|SPIRITS
||MANGO RUM|MANGO RUM|SPIRITS
||MANGO VODKA|MANGO VODKA|SPIRITS
||MARTIN MILLER'S GIN|MARTIN MILLER'S GIN|SPIRITS
||MEZCAL|MEZCAL|SPIRITS
||MINT SCHNAPPS|MINT SCHNAPPS|SPIRITS
||MONKEY SHOULDER SCOTCH WHISKEY|MONKEY SHOULDER SCOTCH WHISKEY|SPIRITS
||NAPOLEON COURVOISIER COGNAC|NAPOLEON COURVOISIER COGNAC|SPIRITS
||OLD TOM GIN|OLD TOM GIN|SPIRITS
||ORANGE GIN|ORANGE GIN|SPIRITS
||ORANGE VODKA|ORANGE VODKA|SPIRITS
||OUZO|OUZO|SPIRITS
||OVERPROOF RUM|OVERPROOF RUM|SPIRITS
||PASTIS|PASTIS|SPIRITS
||PEACH SCHNAPPS|PEACH SCHNAPPS|SPIRITS
||PEACH VODKA|PEACH VODKA|SPIRITS
||PEPPERMINT SCHNAPPS|PEPPERMINT SCHNAPPS|SPIRITS
||PERNOD|PERNOD|SPIRITS
||PIMM'S NO. 1|PIMM'S NO. 1|SPIRITS
||PINEAPPLE RUM|PINEAPPLE RUM|SPIRITS
||PISANG AMBON|PISANG AMBON|SPIRITS
||PISCO|PISCO|SPIRITS
||PLYMOUTH GIN|PLYMOUTH GIN|SPIRITS
||POIRE WILLIAM|POIRE WILLIAM|SPIRITS
||PRAVDA VODKA|PRAVDA VODKA|SPIRITS
||RAKI|RAKI|SPIRITS
||RASPBERRY SAMBUCA|RASPBERRY SAMBUCA|SPIRITS
||RASPBERRY SCHNAPPS|RASPBERRY SCHNAPPS|SPIRITS
||RASPBERRY VODKA|RASPBERRY VODKA|SPIRITS
||RED ALIZE|RED ALIZE|SPIRITS
||REMY MARTIN VSOP|REMY MARTIN VSOP|SPIRITS
||ROOTBEER SCHNAPPS|ROOTBEER SCHNAPPS|SPIRITS
||ROSE VODKA|ROSE VODKA|SPIRITS
||RUM|RUM|SPIRITS
||RUMPLE MINZE|RUMPLE MINZE|SPIRITS
||RUSSIAN STANDARD VODKA|RUSSIAN STANDARD VODKA|SPIRITS
||RYE WHISKEY|RYE WHISKEY|SPIRITS
||SAGATIBA VELHA|SAGATIBA VELHA|SPIRITS
||SAILOR JERRY'S|SAILOR JERRY'S|SPIRITS
||SAKE|SAKE|SPIRITS
||SAMBUCA|SAMBUCA|SPIRITS
||SAMBUCA (BLACK)|SAMBUCA (BLACK)|SPIRITS
||SAMBUCA (WHITE)|SAMBUCA (WHITE)|SPIRITS
||SCOTCH WHISKY|SCOTCH WHISKY|SPIRITS
||SEAGRAMS 7 WHISKEY|SEAGRAMS 7 WHISKEY|SPIRITS
||SHARBAT|SHARBAT|SPIRITS
||SIERRA RESPOSADO TEQUILA|SIERRA RESPOSADO TEQUILA|SPIRITS
||SKYY VODKA|SKYY VODKA|SPIRITS
||SLOE GIN|SLOE GIN|SPIRITS
||SMIRNOFF BLUE VODKA|SMIRNOFF BLUE VODKA|SPIRITS
||SMIRNOFF GREEN APPLE VODKA|SMIRNOFF GREEN APPLE VODKA|SPIRITS
||SMIRNOFF VODKA|SMIRNOFF VODKA|SPIRITS
||SOJU|SOJU|SPIRITS
||SOUR APPLE|SOUR APPLE|SPIRITS
||SOUR APPLE PUCKER|SOUR APPLE PUCKER|SPIRITS
||SOUR APPLE SCHNAPPS|SOUR APPLE SCHNAPPS|SPIRITS
||SOUR PUSS APPLE|SOUR PUSS APPLE|SPIRITS
||SOUR PUSS BLUE|SOUR PUSS BLUE|SPIRITS
||SOUR PUSS RASPBERRY|SOUR PUSS RASPBERRY|SPIRITS
||SOUTHERN COMFORT|SOUTHERN COMFORT|SPIRITS
||SPICED RUM|SPICED RUM|SPIRITS
||STOLICHNAYA BLUEBERRY|STOLICHNAYA BLUEBERRY|SPIRITS
||STOLICHNAYA RASPBERRY|STOLICHNAYA RASPBERRY|SPIRITS
||STOLICHNAYA VANILLA|STOLICHNAYA VANILLA|SPIRITS
||STOLICHNAYA VODKA|STOLICHNAYA VODKA|SPIRITS
||STRAWBERRY SCHNAPPS|STRAWBERRY SCHNAPPS|SPIRITS
||STRAWBERRY VODKA|STRAWBERRY VODKA|SPIRITS
||STROH RUM (80% ALCOHOL)|STROH RUM (80% ALCOHOL)|SPIRITS
||ABSINTHE|ABSINTHE|SPIRITS
||BRANDY AND COGNAC|BRANDY AND COGNAC|SPIRITS
||CACHACA|CACHACA|SPIRITS
||CALVADOS|CALVADOS|SPIRITS
||GIN|GIN|SPIRITS
||IRISH WHISKEY|IRISH WHISKEY|SPIRITS
||OTHER WHISKEY|OTHER WHISKEY|SPIRITS
||RUM|RUM|SPIRITS
||SAMBUCA|SAMBUCA|SPIRITS
||SCHNAPPS|SCHNAPPS|SPIRITS
||SCOTTISH MALT WHISKY|SCOTTISH MALT WHISKY|SPIRITS
||SPECIALITY|SPECIALITY|SPIRITS
||TEQUILA AND MEZCAL|TEQUILA AND MEZCAL|SPIRITS
||VODKA|VODKA|SPIRITS
||TABOO|TABOO|SPIRITS
||TALISKER MALT|TALISKER MALT|SPIRITS
||TALISKER STORM|TALISKER STORM|SPIRITS
||TANQUERAY GIN|TANQUERAY GIN|SPIRITS
||TEQUILA|TEQUILA|SPIRITS
||TEQUILA BLANCO|TEQUILA BLANCO|SPIRITS
||TEQUILA BLU REPOSADO|TEQUILA BLU REPOSADO|SPIRITS
||TEQUILA ORO|TEQUILA ORO|SPIRITS
||TEQUILA REPOSADO|TEQUILA REPOSADO|SPIRITS
||TEQUILA ROSE|TEQUILA ROSE|SPIRITS
||TEQUILA ROSE STRAWBERRY CREAM|TEQUILA ROSE STRAWBERRY CREAM|SPIRITS
||TEQUILA SILVER|TEQUILA SILVER|SPIRITS
||THE WILD GEESE WHISKEY|THE WILD GEESE WHISKEY|SPIRITS
||THREE OLIVES CHERRY VODKA|THREE OLIVES CHERRY VODKA|SPIRITS
||THREE OLIVES POMEGRANATE VODKA|THREE OLIVES POMEGRANATE VODKA|SPIRITS
||TOM GIN|TOM GIN|SPIRITS
||UV BLUE|UV BLUE|SPIRITS
||VANILLA SCHNAPPS|VANILLA SCHNAPPS|SPIRITS
||VANILLA VODKA|VANILLA VODKA|SPIRITS
||VODKA|VODKA|SPIRITS
||WATERMELON PUCKER|WATERMELON PUCKER|SPIRITS
||WEST COAST COOLER|WEST COAST COOLER|SPIRITS
||WHIPPED CREAM VODKA|WHIPPED CREAM VODKA|SPIRITS
||WHISKEY|WHISKEY|SPIRITS
||WHISKY|WHISKY|SPIRITS
||WHITE RUM|WHITE RUM|SPIRITS
||WILD TURKEY - AMERICAN HONEY|WILD TURKEY - AMERICAN HONEY|SPIRITS
||WILD TURKEY BOURBON|WILD TURKEY BOURBON|SPIRITS
||WOODS 100 DARK RUM|WOODS 100 DARK RUM|SPIRITS
||WRAY AND NEWPHEW OVERPROOF RUM|WRAY AND NEWPHEW OVERPROOF RUM|SPIRITS
||WYBOROWA VODKA|WYBOROWA VODKA|SPIRITS
||YELLOW CHARTREUSE|YELLOW CHARTREUSE|SPIRITS
||YELLOW PLUM BRANDY|YELLOW PLUM BRANDY|SPIRITS
||YUKON JACK|YUKON JACK|SPIRITS
||ZUBROWKA BISON GRASS VODKA|ZUBROWKA BISON GRASS VODKA|SPIRITS
||ADVOCAAT|ADVOCAAT|LIQUEURS
||AFTER SHOCK (BLACK)|AFTER SHOCK (BLACK)|LIQUEURS
||AFTER SHOCK (BLUE)|AFTER SHOCK (BLUE)|LIQUEURS
||AFTER SHOCK (GREEN)|AFTER SHOCK (GREEN)|LIQUEURS
||AFTER SHOCK (RED)|AFTER SHOCK (RED)|LIQUEURS
||AFTER SHOCK (SILVER)|AFTER SHOCK (SILVER)|LIQUEURS
||AMARETTO|AMARETTO|LIQUEURS
||AMARO AVERNA|AMARO AVERNA|LIQUEURS
||AMARO MONTENEGRO|AMARO MONTENEGRO|LIQUEURS
||AMARULA CREAM|AMARULA CREAM|LIQUEURS
||AMER PICON|AMER PICON|LIQUEURS
||ANISETTE|ANISETTE|LIQUEURS
||APPLE LIQUEUR|APPLE LIQUEUR|LIQUEURS
||APPLE SOURZ|APPLE SOURZ|LIQUEURS
||APRICOT LIQUEUR|APRICOT LIQUEUR|LIQUEURS
||BAILEY'S CHOCOLATE MINT|BAILEY'S CHOCOLATE MINT|LIQUEURS
||BAILEY'S IRISH CREAM|BAILEY'S IRISH CREAM|LIQUEURS
||BAILEYS GLIDE|BAILEYS GLIDE|LIQUEURS
||BANANA LIQUEUR|BANANA LIQUEUR|LIQUEURS
||BERENTZEN APPLE|BERENTZEN APPLE|LIQUEURS
||BERENTZEN PEAR|BERENTZEN PEAR|LIQUEURS
||BERENTZEN WILD CHERRY|BERENTZEN WILD CHERRY|LIQUEURS
||BLACKBERRY LIQUEUR|BLACKBERRY LIQUEUR|LIQUEURS
||BLACKCURRANT SOURZ|BLACKCURRANT SOURZ|LIQUEURS
||BLUE CURACAO|BLUE CURACAO|LIQUEURS
||BOLS APRICOT|BOLS APRICOT|LIQUEURS
||BOLS BLUE CURACAO|BOLS BLUE CURACAO|LIQUEURS
||BOLS STRAWBERRY|BOLS STRAWBERRY|LIQUEURS
||CAPE VELVET|CAPE VELVET|LIQUEURS
||CHAMBORD|CHAMBORD|LIQUEURS
||CHERRY CORKYS|CHERRY CORKYS|LIQUEURS
||CHERRY LIQUEUR|CHERRY LIQUEUR|LIQUEURS
||CHERRY MARNIER|CHERRY MARNIER|LIQUEURS
||CHERRY SOURZ|CHERRY SOURZ|LIQUEURS
||CHESTNUT LIQUEUR|CHESTNUT LIQUEUR|LIQUEURS
||CHOCOLATE LIQUEUR|CHOCOLATE LIQUEUR|LIQUEURS
||CINNAMON LIQUEUR|CINNAMON LIQUEUR|LIQUEURS
||COCONUT LIQUEUR|COCONUT LIQUEUR|LIQUEURS
||COFFEE LIQUEUR|COFFEE LIQUEUR|LIQUEURS
||COINTREAU|COINTREAU|LIQUEURS
||COLA STIFFIES|COLA STIFFIES|LIQUEURS
||CREME DE BANANES|CREME DE BANANES|LIQUEURS
||CREME DE CACAO|CREME DE CACAO|LIQUEURS
||CREME DE CACAO DARK|CREME DE CACAO DARK|LIQUEURS
||CREME DE CACAO WHITE|CREME DE CACAO WHITE|LIQUEURS
||CREME DE CASSIS|CREME DE CASSIS|LIQUEURS
||CREME DE FRAISES|CREME DE FRAISES|LIQUEURS
||CREME DE FRAMBOISE|CREME DE FRAMBOISE|LIQUEURS
||CREME DE MENTHE|CREME DE MENTHE|LIQUEURS
||CREME DE MURE|CREME DE MURE|LIQUEURS
||CREME DE NOYAUX|CREME DE NOYAUX|LIQUEURS
||CREME DE PECHE|CREME DE PECHE|LIQUEURS
||CRÉME DE POMME|CRÉME DE POMME|LIQUEURS
||CREME DE VIOLETTE|CREME DE VIOLETTE|LIQUEURS
||CYNAR|CYNAR|LIQUEURS
||DISARONNO AMARETTO|DISARONNO AMARETTO|LIQUEURS
||DOOLEYS|DOOLEYS|LIQUEURS
||ELDERFLOWER LIQUEUR|ELDERFLOWER LIQUEUR|LIQUEURS
||FERNET BRANCA LIQUEUR|FERNET BRANCA LIQUEUR|LIQUEURS
||FRANGELICO|FRANGELICO|LIQUEURS
||FULTON'S HARVEST PUMPKIN PIE LIQUEUR|FULTON'S HARVEST PUMPKIN PIE LIQUEUR|LIQUEURS
||GINGER LIQUEUR|GINGER LIQUEUR|LIQUEURS
||GODIVA WHITE CHOCOLATE LIQUEUR|GODIVA WHITE CHOCOLATE LIQUEUR|LIQUEURS
||GRAND MARNIER|GRAND MARNIER|LIQUEURS
||GREENHOOK GINSMITHS BEACH PLUM LIQUEUR|GREENHOOK GINSMITHS BEACH PLUM LIQUEUR|LIQUEURS
||HONEY LIQUEUR|HONEY LIQUEUR|LIQUEURS
||JANS HERBAL LIQUEUR|JANS HERBAL LIQUEUR|LIQUEURS
||KAHLUA|KAHLUA|LIQUEURS
||KIRSCH|KIRSCH|LIQUEURS
||KIWI LIQUOR|KIWI LIQUOR|LIQUEURS
||KUMMEL|KUMMEL|LIQUEURS
||LEMON LIQUEUR|LEMON LIQUEUR|LIQUEURS
||LICOR 43|LICOR 43|LIQUEURS
||LIMONCELLO|LIMONCELLO|LIQUEURS
||LYCHEE LIQUEUR|LYCHEE LIQUEUR|LIQUEURS
||MANGO LIQUEUR|MANGO LIQUEUR|LIQUEURS
||MARASCHINO CHERRY LIQUEUR|MARASCHINO CHERRY LIQUEUR|LIQUEURS
||MARIE BRIZARD GRAND ORANGE|MARIE BRIZARD GRAND ORANGE|LIQUEURS
||MIDORI|MIDORI|LIQUEURS
||MINT LIQUEUR|MINT LIQUEUR|LIQUEURS
||NATURAL YOGHURT LIQUEUR|NATURAL YOGHURT LIQUEUR|LIQUEURS
||ORANGE CURACAO|ORANGE CURACAO|LIQUEURS
||ORANGE LIQUEUR|ORANGE LIQUEUR|LIQUEURS
||PARFAIT AMOUR|PARFAIT AMOUR|LIQUEURS
||PASSIONFRUIT LIQUEUR|PASSIONFRUIT LIQUEUR|LIQUEURS
||PASSOA|PASSOA|LIQUEURS
||PEACH LIQUEUR|PEACH LIQUEUR|LIQUEURS
||PEAR LIQUEUR|PEAR LIQUEUR|LIQUEURS
||PEPPERMINT LIQUEUR|PEPPERMINT LIQUEUR|LIQUEURS
||PINEAPPLE SOURZ|PINEAPPLE SOURZ|LIQUEURS
||RASPBERRY LIQUEUR|RASPBERRY LIQUEUR|LIQUEURS
||RASPBERRY SOURZ|RASPBERRY SOURZ|LIQUEURS
||RAZZMATAZZ|RAZZMATAZZ|LIQUEURS
||RUMCHATA|RUMCHATA|LIQUEURS
||ST GERMAIN ELDERFLOW LIQUEUR|ST GERMAIN ELDERFLOW LIQUEUR|LIQUEURS
||STRAWBERRY LIQUEUR|STRAWBERRY LIQUEUR|LIQUEURS
||STREGA LIQUEUR|STREGA LIQUEUR|LIQUEURS
||CHOCOLATE LIQUEUR|CHOCOLATE LIQUEUR|LIQUEURS
||COFFEE LIQUEUR|COFFEE LIQUEUR|LIQUEURS
||CREAM LIQUEUR|CREAM LIQUEUR|LIQUEURS
||FRUIT LIQUEUR|FRUIT LIQUEUR|LIQUEURS
||HERB LIQUEUR|HERB LIQUEUR|LIQUEURS
||NUT LIQUEUR|NUT LIQUEUR|LIQUEURS
||OTHER LIQUEUR|OTHER LIQUEUR|LIQUEURS
||WHISKY LIQUEUR|WHISKY LIQUEUR|LIQUEURS
||SWEDISH PUNSCH|SWEDISH PUNSCH|LIQUEURS
||TIA MARIA|TIA MARIA|LIQUEURS
||TIRAMISU LIQUEUR|TIRAMISU LIQUEUR|LIQUEURS
||TRIPLE SEC|TRIPLE SEC|LIQUEURS
||TROPICAL SOURZ|TROPICAL SOURZ|LIQUEURS
||VANILLA LIQUEUR|VANILLA LIQUEUR|LIQUEURS
||WALNUT LIQUEUR|WALNUT LIQUEUR|LIQUEURS
||WATERMELON LIQUEUR|WATERMELON LIQUEUR|LIQUEURS
||CAVA|CAVA|WINES_CHAMPAGNES
||CHAMPAGNE|CHAMPAGNE|WINES_CHAMPAGNES
||CHARDONNAY|CHARDONNAY|WINES_CHAMPAGNES
||CHERRY LAMBRINI|CHERRY LAMBRINI|WINES_CHAMPAGNES
||COCCHI DI TORINO|COCCHI DI TORINO|WINES_CHAMPAGNES
||DRY VERMOUTH|DRY VERMOUTH|WINES_CHAMPAGNES
||DRY WHITE WINE|DRY WHITE WINE|WINES_CHAMPAGNES
||DUBONNET|DUBONNET|WINES_CHAMPAGNES
||DUBONNET ROUGE|DUBONNET ROUGE|WINES_CHAMPAGNES
||FRENCH VERMOUTH|FRENCH VERMOUTH|WINES_CHAMPAGNES
||GINGER WINE|GINGER WINE|WINES_CHAMPAGNES
||LILLET BLANC|LILLET BLANC|WINES_CHAMPAGNES
||MADEIRA|MADEIRA|WINES_CHAMPAGNES
||MARTINI BIANCO VERMOUTH|MARTINI BIANCO VERMOUTH|WINES_CHAMPAGNES
||MARTINI DRY|MARTINI DRY|WINES_CHAMPAGNES
||MARTINI GOLD|MARTINI GOLD|WINES_CHAMPAGNES
||MARTINI ROSSO|MARTINI ROSSO|WINES_CHAMPAGNES
||MARTINI VERMOUTH|MARTINI VERMOUTH|WINES_CHAMPAGNES
||NOILY PRAT|NOILY PRAT|WINES_CHAMPAGNES
||PINK CHAMPAGNE|PINK CHAMPAGNE|WINES_CHAMPAGNES
||PORT|PORT|WINES_CHAMPAGNES
||PROSECCO|PROSECCO|WINES_CHAMPAGNES
||RED PORT|RED PORT|WINES_CHAMPAGNES
||RED VERMOUTH|RED VERMOUTH|WINES_CHAMPAGNES
||RED WINE|RED WINE|WINES_CHAMPAGNES
||ROSE WINE|ROSE WINE|WINES_CHAMPAGNES
||RUBY PORT|RUBY PORT|WINES_CHAMPAGNES
||SHERRY DRY|SHERRY DRY|WINES_CHAMPAGNES
||SHERRY SWEET|SHERRY SWEET|WINES_CHAMPAGNES
||SPARKLING WHITE WINE|SPARKLING WHITE WINE|WINES_CHAMPAGNES
||STONES GINGER WINE|STONES GINGER WINE|WINES_CHAMPAGNES
||CHAMPAGNE|CHAMPAGNE|WINES_CHAMPAGNES
||FRUIT WINES|FRUIT WINES|WINES_CHAMPAGNES
||PORT|PORT|WINES_CHAMPAGNES
||RED WINE|RED WINE|WINES_CHAMPAGNES
||SHERRY|SHERRY|WINES_CHAMPAGNES
||VERMOUTH|VERMOUTH|WINES_CHAMPAGNES
||WHITE WINE|WHITE WINE|WINES_CHAMPAGNES
||SWEET RED VERMOUTH|SWEET RED VERMOUTH|WINES_CHAMPAGNES
||SWEET VERMOUTH|SWEET VERMOUTH|WINES_CHAMPAGNES
||VERMOUTH|VERMOUTH|WINES_CHAMPAGNES
||WHITE VERMOUTH|WHITE VERMOUTH|WINES_CHAMPAGNES
||APPLE CIDER|APPLE CIDER|BEERS_CIDERS
||BABYCHAM|BABYCHAM|BEERS_CIDERS
||BEER|BEER|BEERS_CIDERS
||BULMERS PEAR CIDER|BULMERS PEAR CIDER|BEERS_CIDERS
||CIDER|CIDER|BEERS_CIDERS
||COOR'S LIGHT|COOR'S LIGHT|BEERS_CIDERS
||DRY CIDER|DRY CIDER|BEERS_CIDERS
||FROSTY JACK'S WHITE CIDER|FROSTY JACK'S WHITE CIDER|BEERS_CIDERS
||GUINNESS|GUINNESS|BEERS_CIDERS
||LAGER|LAGER|BEERS_CIDERS
||LEMONGRASS AND CHILI BEER|LEMONGRASS AND CHILI BEER|BEERS_CIDERS
||LIGHT BEER|LIGHT BEER|BEERS_CIDERS
||MAGNERS CIDER|MAGNERS CIDER|BEERS_CIDERS
||NEWCASTLE BROWN ALE|NEWCASTLE BROWN ALE|BEERS_CIDERS
||PEAR CIDER|PEAR CIDER|BEERS_CIDERS
||SAISON BEER|SAISON BEER|BEERS_CIDERS
||SPECIAL BREW|SPECIAL BREW|BEERS_CIDERS
||STOUT|STOUT|BEERS_CIDERS
||STRONGBOW CIDER|STRONGBOW CIDER|BEERS_CIDERS
||BEERS|BEERS|BEERS_CIDERS
||CIDERS|CIDERS|BEERS_CIDERS
||TENNANTS BEER|TENNANTS BEER|BEERS_CIDERS
||7UP|7UP|MIXERS
||AGAVE SYRUP|AGAVE SYRUP|MIXERS
||ANGOSTURA BITTER|ANGOSTURA BITTER|MIXERS
||APPLE AND BLACKCURRENT JUICE|APPLE AND BLACKCURRENT JUICE|MIXERS
||APPLE AND MANGO JUICE|APPLE AND MANGO JUICE|MIXERS
||APPLE AND RHUBARB JUICE|APPLE AND RHUBARB JUICE|MIXERS
||APPLE JUICE|APPLE JUICE|MIXERS
||APRICOT JUICE|APRICOT JUICE|MIXERS
||ARIZONA ICED TEA|ARIZONA ICED TEA|MIXERS
||BANANA JUICE|BANANA JUICE|MIXERS
||BEETROOT JUICE|BEETROOT JUICE|MIXERS
||BITTER LEMON|BITTER LEMON|MIXERS
||BITTERED SLING DENMAN BITTERS|BITTERED SLING DENMAN BITTERS|MIXERS
||BITTERED SLING GRAPEFRUIT & HOPS BITTERS|BITTERED SLING GRAPEFRUIT & HOPS BITTERS|MIXERS
||BITTERED SLING LEM-MARRAKECH BITTERS|BITTERED SLING LEM-MARRAKECH BITTERS|MIXERS
||BITTERED SLING MOONDOG BITTERS|BITTERED SLING MOONDOG BITTERS|MIXERS
||BITTERED SLING ORANGE & JUNPIER BITTERS|BITTERED SLING ORANGE & JUNPIER BITTERS|MIXERS
||BITTERED SLING PLUM & ROOTBEER BITTERES|BITTERED SLING PLUM & ROOTBEER BITTERES|MIXERS
||BITTERMANS GRAPEFRUIT BITTER|BITTERMANS GRAPEFRUIT BITTER|MIXERS
||BITTERMENS XOCOLATL MOLE BITTERS|BITTERMENS XOCOLATL MOLE BITTERS|MIXERS
||BLACK WALNUT BITTERS|BLACK WALNUT BITTERS|MIXERS
||BLACKCURRANT CORDIAL|BLACKCURRANT CORDIAL|MIXERS
||BLACKCURRANT JUICE|BLACKCURRANT JUICE|MIXERS
||BLUEBERRY JUICE|BLUEBERRY JUICE|MIXERS
||CANADA DRY|CANADA DRY|MIXERS
||CARAMEL SYRUP|CARAMEL SYRUP|MIXERS
||CARDAMOM SYRUP|CARDAMOM SYRUP|MIXERS
||CARROT JUICE|CARROT JUICE|MIXERS
||CELERY BITTERS|CELERY BITTERS|MIXERS
||CHERRY JUICE|CHERRY JUICE|MIXERS
||CHERRY SYRUP|CHERRY SYRUP|MIXERS
||CHERRYADE|CHERRYADE|MIXERS
||CHOCOLATE BITTERS|CHOCOLATE BITTERS|MIXERS
||CHOCOLATE CHIP COOKIE SYRUP|CHOCOLATE CHIP COOKIE SYRUP|MIXERS
||CHOCOLATE SYRUP|CHOCOLATE SYRUP|MIXERS
||CINNAMON SYRUP|CINNAMON SYRUP|MIXERS
||CITRUS AGAVE|CITRUS AGAVE|MIXERS
||CLAMATO|CLAMATO|MIXERS
||CLEMENTINE JUICE|CLEMENTINE JUICE|MIXERS
||CLUB LEMON|CLUB LEMON|MIXERS
||CLUB SODA|CLUB SODA|MIXERS
||COCONUT SYRUP|COCONUT SYRUP|MIXERS
||COCONUT WATER SYRUP|COCONUT WATER SYRUP|MIXERS
||COKE|COKE|MIXERS
||CRANBERRY JUICE|CRANBERRY JUICE|MIXERS
||CREAM SODA|CREAM SODA|MIXERS
||DIET COKE|DIET COKE|MIXERS
||DR. PEPPER|DR. PEPPER|MIXERS
||EARLY GREY GOMME SYRUP|EARLY GREY GOMME SYRUP|MIXERS
||ELDERFLOWER CORDIAL|ELDERFLOWER CORDIAL|MIXERS
||ELDERFLOWER SYRUP|ELDERFLOWER SYRUP|MIXERS
||ENERGY DRINK|ENERGY DRINK|MIXERS
||FALERNUM|FALERNUM|MIXERS
||FANTA FRUIT TWIST|FANTA FRUIT TWIST|MIXERS
||FEE BROTHERS PLUM BITTERS|FEE BROTHERS PLUM BITTERS|MIXERS
||FENTIMAN'S VICTORIAN ROSE LEMONADA SODA|FENTIMAN'S VICTORIAN ROSE LEMONADA SODA|MIXERS
||FERNET BRANCA BITTERS|FERNET BRANCA BITTERS|MIXERS
||FIZZY ORANGE DRINK|FIZZY ORANGE DRINK|MIXERS
||GINGER ALE|GINGER ALE|MIXERS
||GINGER BEER|GINGER BEER|MIXERS
||GINGER BITTERS|GINGER BITTERS|MIXERS
||GINGER BREAD SYRUP|GINGER BREAD SYRUP|MIXERS
||GINGER SYRUP|GINGER SYRUP|MIXERS
||GOMME SYRUP|GOMME SYRUP|MIXERS
||GRAPE JUICE|GRAPE JUICE|MIXERS
||GRAPE SODAPOP|GRAPE SODAPOP|MIXERS
||GRAPEFRUIT BITTERS|GRAPEFRUIT BITTERS|MIXERS
||GRAPEFRUIT JUICE|GRAPEFRUIT JUICE|MIXERS
||GREEN TEA BITTER|GREEN TEA BITTER|MIXERS
||GRENADINE|GRENADINE|MIXERS
||GUAVA JUICE|GUAVA JUICE|MIXERS
||HALF AND HALF|HALF AND HALF|MIXERS
||HONEY SYRUP|HONEY SYRUP|MIXERS
||ICE TEA|ICE TEA|MIXERS
||IRN BRU|IRN BRU|MIXERS
||LAVENDER SYRUP|LAVENDER SYRUP|MIXERS
||LEMON BITTERS|LEMON BITTERS|MIXERS
||LEMON CORDIAL|LEMON CORDIAL|MIXERS
||LEMON JUICE|LEMON JUICE|MIXERS
||LEMON LIME SODA|LEMON LIME SODA|MIXERS
||LEMON SQUASH|LEMON SQUASH|MIXERS
||LEMON SYRUP|LEMON SYRUP|MIXERS
||LEMONADE|LEMONADE|MIXERS
||LIME BITTERS|LIME BITTERS|MIXERS
||LIME COKE|LIME COKE|MIXERS
||LIME CORDIAL|LIME CORDIAL|MIXERS
||LIME JUICE|LIME JUICE|MIXERS
||LIME MARGARITA MIX|LIME MARGARITA MIX|MIXERS
||LIMEADE|LIMEADE|MIXERS
||LUCOZADE|LUCOZADE|MIXERS
||LYCHEE JUICE|LYCHEE JUICE|MIXERS
||MANGO JUICE|MANGO JUICE|MIXERS
||MAPLE SYRUP|MAPLE SYRUP|MIXERS
||MARASCHINO CHERRY JUICE|MARASCHINO CHERRY JUICE|MIXERS
||MARGARITA MIX|MARGARITA MIX|MIXERS
||MIKE'S HARD BERRY|MIKE'S HARD BERRY|MIXERS
||MINT SYRUP|MINT SYRUP|MIXERS
||MOUNTAIN DEW|MOUNTAIN DEW|MIXERS
||NON-ALCOHOLIC APPLE CIDER|NON-ALCOHOLIC APPLE CIDER|MIXERS
||OLIVE JUICE|OLIVE JUICE|MIXERS
||ORANGE + CRANBERRY J20|ORANGE + CRANBERRY J20|MIXERS
||ORANGE BITTERS|ORANGE BITTERS|MIXERS
||ORANGE BLOSSOM WATER|ORANGE BLOSSOM WATER|MIXERS
||ORANGE CORDIAL|ORANGE CORDIAL|MIXERS
||ORANGE FLOWER WATER|ORANGE FLOWER WATER|MIXERS
||ORANGE JUICE|ORANGE JUICE|MIXERS
||ORANGE SYRUP|ORANGE SYRUP|MIXERS
||ORGEAT SYRUP|ORGEAT SYRUP|MIXERS
||PAPAYA JUICE|PAPAYA JUICE|MIXERS
||PASSIONFRUIT JUICE|PASSIONFRUIT JUICE|MIXERS
||PASSIONFRUIT SYRUP|PASSIONFRUIT SYRUP|MIXERS
||PEACH BITTERS|PEACH BITTERS|MIXERS
||PEACH JUICE|PEACH JUICE|MIXERS
||PEACH NECTAR|PEACH NECTAR|MIXERS
||PEAR JUICE|PEAR JUICE|MIXERS
||PEAR NECTAR|PEAR NECTAR|MIXERS
||PEYCHAUD'S AROMATIC BITTERS|PEYCHAUD'S AROMATIC BITTERS|MIXERS
||PINA COLADA MIX|PINA COLADA MIX|MIXERS
||PINEAPPLE JUICE|PINEAPPLE JUICE|MIXERS
||PINK GRAPEFRUIT JUICE|PINK GRAPEFRUIT JUICE|MIXERS
||PINK LEMONADE|PINK LEMONADE|MIXERS
||PISTACHIO SYRUP|PISTACHIO SYRUP|MIXERS
||PLUM BITTERS|PLUM BITTERS|MIXERS
||POMEGRANATE JUICE|POMEGRANATE JUICE|MIXERS
||POMEGRANATE SYRUP|POMEGRANATE SYRUP|MIXERS
||POWERADE|POWERADE|MIXERS
||RASPBERRY CORDIAL|RASPBERRY CORDIAL|MIXERS
||RASPBERRY JUICE|RASPBERRY JUICE|MIXERS
||RASPBERRY LEMONADE|RASPBERRY LEMONADE|MIXERS
||RASPBERRY SYRUP|RASPBERRY SYRUP|MIXERS
||RED BULL|RED BULL|MIXERS
||RED GRAPE JUICE|RED GRAPE JUICE|MIXERS
||RHUBARB BITTERS|RHUBARB BITTERS|MIXERS
||RIBENA|RIBENA|MIXERS
||ROOTBEER|ROOTBEER|MIXERS
||ROSE SYRUP|ROSE SYRUP|MIXERS
||ROSE WATER|ROSE WATER|MIXERS
||ROSE'S LIME JUICE|ROSE'S LIME JUICE|MIXERS
||ROSEMARY SYRUP|ROSEMARY SYRUP|MIXERS
||SCHWEPPES BITTER LEMON|SCHWEPPES BITTER LEMON|MIXERS
||SODA WATER|SODA WATER|MIXERS
||SOUR MIX|SOUR MIX|MIXERS
||SPARKLING WATER|SPARKLING WATER|MIXERS
||SPICED PUMPKIN SYRUP|SPICED PUMPKIN SYRUP|MIXERS
||SPRITE|SPRITE|MIXERS
||STRAWBERRY JUICE|STRAWBERRY JUICE|MIXERS
||STRAWBERRY MILKSHAKE|STRAWBERRY MILKSHAKE|MIXERS
||STRAWBERRY SYRUP|STRAWBERRY SYRUP|MIXERS
||BAR STOCK|BAR STOCK|MIXERS
||JUICES|JUICES|MIXERS
||SOFT DRINKS|SOFT DRINKS|MIXERS
||SYRUPS|SYRUPS|MIXERS
||SUGAR SYRUP|SUGAR SYRUP|MIXERS
||TANGERINE JUICE|TANGERINE JUICE|MIXERS
||TIZER|TIZER|MIXERS
||TOMATO JUICE|TOMATO JUICE|MIXERS
||TONIC WATER|TONIC WATER|MIXERS
||TROPICAL JUICE|TROPICAL JUICE|MIXERS
||UGLI FRUIT JUICE|UGLI FRUIT JUICE|MIXERS
||VANILLA COKE|VANILLA COKE|MIXERS
||VANILLA SYRUP|VANILLA SYRUP|MIXERS
||VELVET FALERNUM|VELVET FALERNUM|MIXERS
||VIMTO|VIMTO|MIXERS
||VIOLET SYRUP|VIOLET SYRUP|MIXERS
||WATERMELON JUICE|WATERMELON JUICE|MIXERS
||WHEATGRASS JUICE|WHEATGRASS JUICE|MIXERS
||WHITE CRANBERRY AND APPLE JUICE|WHITE CRANBERRY AND APPLE JUICE|MIXERS
||WHITE CRANBERRY JUICE|WHITE CRANBERRY JUICE|MIXERS
||WHITE GRAPE JUICE|WHITE GRAPE JUICE|MIXERS
||ALMOND EXTRACT|ALMOND EXTRACT|OTHERS
||ALMOND MILK|ALMOND MILK|OTHERS
||APPLE|APPLE|OTHERS
||APRICOT JAM|APRICOT JAM|OTHERS
||BACARDI BREEZER ORANGE|BACARDI BREEZER ORANGE|OTHERS
||BACARDI BREEZER WATERMELON|BACARDI BREEZER WATERMELON|OTHERS
||BANANA|BANANA|OTHERS
||BASIL LEAVES|BASIL LEAVES|OTHERS
||BLACK TEA|BLACK TEA|OTHERS
||BLACKBERRIES|BLACKBERRIES|OTHERS
||BLUEBERRIES|BLUEBERRIES|OTHERS
||BROWN SUGAR|BROWN SUGAR|OTHERS
||BROWN TOAST|BROWN TOAST|OTHERS
||BUTTER|BUTTER|OTHERS
||CAMOMILE TEA|CAMOMILE TEA|OTHERS
||CARDAMOM|CARDAMOM|OTHERS
||CARDAMOM PODS|CARDAMOM PODS|OTHERS
||CAYENNE PEPPER|CAYENNE PEPPER|OTHERS
||CELERY|CELERY|OTHERS
||CELERY SALT|CELERY SALT|OTHERS
||CHERRY|CHERRY|OTHERS
||CHILLI PEPPERS|CHILLI PEPPERS|OTHERS
||CHOCOLATE|CHOCOLATE|OTHERS
||CHOCOLATE ICE CREAM|CHOCOLATE ICE CREAM|OTHERS
||CHOCOLATE MILK|CHOCOLATE MILK|OTHERS
||CHOCOLATE SAUCE|CHOCOLATE SAUCE|OTHERS
||CINNAMON|CINNAMON|OTHERS
||CLOVES|CLOVES|OTHERS
||COCOA POWDER|COCOA POWDER|OTHERS
||COCONUT|COCONUT|OTHERS
||COCONUT CREAM|COCONUT CREAM|OTHERS
||COCONUT MILK|COCONUT MILK|OTHERS
||COFFEE|COFFEE|OTHERS
||COFFEE BEANS|COFFEE BEANS|OTHERS
||COFFEE ICE CREAM|COFFEE ICE CREAM|OTHERS
||CREAM|CREAM|OTHERS
||CUCUMBER|CUCUMBER|OTHERS
||DARK CHOCOLATE POWDER|DARK CHOCOLATE POWDER|OTHERS
||DEMARERA SUGAR|DEMARERA SUGAR|OTHERS
||DESICCATED COCONUT|DESICCATED COCONUT|OTHERS
||DOUBLE CREAM|DOUBLE CREAM|OTHERS
||EARL GREY TEA|EARL GREY TEA|OTHERS
||EGG WHITE|EGG WHITE|OTHERS
||EGG YOLK|EGG YOLK|OTHERS
||EGGNOG|EGGNOG|OTHERS
||ESPRESSO COFFEE|ESPRESSO COFFEE|OTHERS
||FRIJI CHOCOLATE MILKSHAKE|FRIJI CHOCOLATE MILKSHAKE|OTHERS
||FROZEN PEACHES|FROZEN PEACHES|OTHERS
||GINGER|GINGER|OTHERS
||GINGERBREAD|GINGERBREAD|OTHERS
||GREEN FOOD COLOURING|GREEN FOOD COLOURING|OTHERS
||GREEN OLIVES|GREEN OLIVES|OTHERS
||GREEN TEA|GREEN TEA|OTHERS
||GROUND COFFEE BEANS|GROUND COFFEE BEANS|OTHERS
||HONEY|HONEY|OTHERS
||HOT CHOCOLATE|HOT CHOCOLATE|OTHERS
||ICING SUGAR|ICING SUGAR|OTHERS
||JASMINE TEA|JASMINE TEA|OTHERS
||JELLY|JELLY|OTHERS
||KIWI|KIWI|OTHERS
||LEMON|LEMON|OTHERS
||LEMON BALM|LEMON BALM|OTHERS
||LEMON ICE CREAM|LEMON ICE CREAM|OTHERS
||LEMON SORBET|LEMON SORBET|OTHERS
||LIME|LIME|OTHERS
||LIME POPSICLE|LIME POPSICLE|OTHERS
||MANGO|MANGO|OTHERS
||MANGO PUREE|MANGO PUREE|OTHERS
||MANGO SORBET|MANGO SORBET|OTHERS
||MARASCHINO CHERRY|MARASCHINO CHERRY|OTHERS
||MARMALADE|MARMALADE|OTHERS
||MASCARPONE|MASCARPONE|OTHERS
||MELON|MELON|OTHERS
||MILK|MILK|OTHERS
||MILK CHOCOLATE POWDER|MILK CHOCOLATE POWDER|OTHERS
||MINCEMEAT|MINCEMEAT|OTHERS
||MINT LEAVES|MINT LEAVES|OTHERS
||NATURAL YOGHURT|NATURAL YOGHURT|OTHERS
||NUTELLA|NUTELLA|OTHERS
||NUTMEG|NUTMEG|OTHERS
||OLIVES|OLIVES|OTHERS
||ONION|ONION|OTHERS
||ORANGE|ORANGE|OTHERS
||ORANGE REEF|ORANGE REEF|OTHERS
||OREO COOKIE|OREO COOKIE|OTHERS
||PASSIONFRUIT|PASSIONFRUIT|OTHERS
||PASSIONFRUIT PUREE|PASSIONFRUIT PUREE|OTHERS
||PEACH|PEACH|OTHERS
||PEACH PUREE|PEACH PUREE|OTHERS
||PEAR|PEAR|OTHERS
||PEPPER|PEPPER|OTHERS
||PEPPERMINT|PEPPERMINT|OTHERS
||PINEAPPLE|PINEAPPLE|OTHERS
||PINK PEPPERCORN|PINK PEPPERCORN|OTHERS
||POMEGRANATE|POMEGRANATE|OTHERS
||POPCORN|POPCORN|OTHERS
||PUMPKIN PUREE|PUMPKIN PUREE|OTHERS
||RASPBERRY|RASPBERRY|OTHERS
||RASPBERRY PUREE|RASPBERRY PUREE|OTHERS
||ROSEMARY|ROSEMARY|OTHERS
||RUM & RAISIN ICE CREAM|RUM & RAISIN ICE CREAM|OTHERS
||SALT|SALT|OTHERS
||SINGLE CREAM|SINGLE CREAM|OTHERS
||SKITTLES|SKITTLES|OTHERS
||SMIRNOFF ICE|SMIRNOFF ICE|OTHERS
||SMIRNOFF ICE (BLACK)|SMIRNOFF ICE (BLACK)|OTHERS
||SMIRNOFF ICE RASPBERRY|SMIRNOFF ICE RASPBERRY|OTHERS
||SOY SAUCE|SOY SAUCE|OTHERS
||STEAMED MILK|STEAMED MILK|OTHERS
||STRAWBERRY|STRAWBERRY|OTHERS
||STRAWBERRY PUREE|STRAWBERRY PUREE|OTHERS
||STRAWBERRY VANILLA ICE CREAM|STRAWBERRY VANILLA ICE CREAM|OTHERS
||ALCOPOPS|ALCOPOPS|OTHERS
||FRUITS|FRUITS|OTHERS
||HOME|HOME|OTHERS
||SUGAR|SUGAR|OTHERS
||SWEETENED CONDENSED MILK|SWEETENED CONDENSED MILK|OTHERS
||TABASCO SAUCE|TABASCO SAUCE|OTHERS
||TOMATOES|TOMATOES|OTHERS
||VANILLA ESSENCE|VANILLA ESSENCE|OTHERS
||VANILLA ICE CREAM|VANILLA ICE CREAM|OTHERS
||VANILLA POD|VANILLA POD|OTHERS
||WASABI|WASABI|OTHERS
||WATERMELON|WATERMELON|OTHERS
||WHIPPED CREAM|WHIPPED CREAM|OTHERS
||WHITE BALSAMIC VINEGAR|WHITE BALSAMIC VINEGAR|OTHERS
||WKD BLUE|WKD BLUE|OTHERS
||WKD CLEAR|WKD CLEAR|OTHERS
||WKD ORIGINAL|WKD ORIGINAL|OTHERS
||WKD RED|WKD RED|OTHERS
